{"minEast": 0, "minNorth": 0, "maxEast": 1000, "maxNorth": 1000, "numRows": 10, "numCols": 10, "data": [0.1906845342108516, 0.04942830456155715, 0.20401193409922294, 0.21762786702230194, 0.3139616474843839, 0.17004185274565276, 0.15715638622886677, 0.07690410865768127, 0.3302248978587865, 0.07667209169068101, 0.2464893971358193, 0.07577794191129938, 0.1216266584722769, 0.12118536543667953, 0.20764080183754874, 0.12467710343792175, 0.18642380141885387, 0.28512608508306253, 0.011081419660083506, 0.14581258438450717, 0.29148562333711864, 0.10453396169870288, 0.1853209080147031, 0.11644375544707926, 0.2330945706234956, 0.1786402413946541, 0.15973361041270795, 0.3059121247549454, 0.30489301381298667, 0.036803196982570764, 0.22840039157569111, 0.026177922346100835, 0.22037208084017978, 0.27348316834522046, 0.270611063544204, 0.29361175424966596, 0.11767918708280174, 0.05136289555589424, 0.021223605281997404, 0.27361358808607994, 0.184611967433967, 0.15989173822471672, 0.29214633890242747, 0.07947163956591685, 0.007473635674649093, 0.004214353937233277, 0.21608080568052435, 0.2871693337067091, 0.09289523955021887, 0.2377970673884815, 0.10482050202118014, 0.19150807710512105, 0.20503437836275415, 0.14641055509960635, 0.2726421294028743, 0.27003190182322084, 0.05532612409343196, 0.04631001894108988, 0.16050101484768067, 0.1645849575929198, 0.09884519095955609, 0.22987041635384742, 0.07781135404850659, 0.3143842428738452, 0.235510141344379, 0.17865398604802843, 0.045149694196843816, 0.2587709329380627, 0.22106889428029206, 0.1191921715973064, 0.14329793425894555, 0.2924097084224173, 0.2571201429301695, 0.16258548097961079, 0.05124787030325687, 0.2760833296360634, 0.1268932152437264, 0.07408950501680793, 0.01924224497437736, 0.31569933131077493, 0.02326819302504257, 0.29920939664840346, 0.1208439853228604, 0.16533226373708884, 0.0517891165575608, 0.04519038313488118, 0.26845036412620576, 0.2311032585943813, 0.07004825022742718, 0.11316714820605074, 0.03302155536823811, 0.23576398938315016, 0.05200752494553951, 0.020905376005954695, 0.06555189656288611, 0.009583100466070915, 0.04501647812055413, 0.040018633229519075, 0.1710045850840494, 0.02083343946143938]}