{"minEast": 0, "minNorth": 0, "maxEast": 1000, "maxNorth": 1000, "numRows": 10, "numCols": 10, "data": [0.03446752270926542, 0.004144882446874758, 0.19720422642489369, 0.06260190859131202, 0.03724196323551151, 0.22615615541619719, 0.07524863564858648, 0.2600912227359215, 0.08793921169164824, 0.20669608073499726, 0.23388155284324438, 0.0337297578398168, 0.03663495734370018, 0.12598800454652834, 0.13125062501873042, 0.15073046816155267, 0.1148515013658213, 0.1316024676140094, 0.3148448510209489, 0.30014213726697764, 0.1837779312445241, 0.08369899578357658, 0.32767596809246335, 0.26376248007064534, 0.2887823302697557, 0.2676712517144706, 0.014024507940559613, 0.30936395788317944, 0.31167389242399696, 0.13519163398259537, 0.1809033853947396, 0.2112642633894778, 0.10140990143758384, 0.13975812170055765, 0.128826838752916, 0.015517757213765138, 0.07784639362178498, 0.07585441755145739, 0.0026019769103943213, 0.03723031310107716, 0.21588512736830145, 0.327421381508194, 0.03305385176780429, 0.023632201662528773, 0.26076412660066084, 0.0905717877136422, 0.1727848150011794, 0.09209934700215612, 0.31252827559804397, 0.3095318974996162, 0.30438166277373446, 0.006308584861302924, 0.1433917104530484, 0.20272961685831978, 0.053153750139231105, 0.15062027569649825, 0.3159075101704278, 0.14992486424714088, 0.029368638728859902, 0.03570863538849837, 0.13343729533089, 0.11572177723576131, 0.25309479011861447, 0.23165201995371906, 0.04493668401332451, 0.04937700163862905, 0.021018791853328667, 0.017555324760598585, 0.2282008532871295, 0.077532581212801, 0.08371401917091026, 0.09549613569166977, 0.11902999033304296, 0.04675465119719754, 0.3011262276590523, 0.3229463802023414, 0.023849541249743145, 0.1408155251772264, 0.11998991099491578, 0.07657513069317627, 0.3300277318362682, 0.023050938063042665, 0.3246697997688674, 0.08755958852031764, 0.16056353263702006, 0.284502133708381, 0.22841525950948768, 0.14097678564742047, 0.18008723813652258, 0.11277732717223114, 0.230039526194065, 0.04357157562158106, 0.1155275415515219, 0.020764930053150093, 0.1077261900436356, 0.12533404561674485, 0.2345354873086227, 0.1435481537588009, 0.008019077351005821, 0.07928285019426347]}