{"minEast": 0, "minNorth": 0, "maxEast": 1000, "maxNorth": 1000, "numRows": 10, "numCols": 10, "data": [0.14694447531253993, 0.2821905818493436, 0.18710389888879073, 0.12931747848199937, 0.27618461903051067, 0.14470571674791047, 0.30706830297348814, 0.08582715593209367, 0.18622877673027005, 0.18053528250904338, 0.089356329031044, 0.03077893741248805, 0.08716296312828908, 0.2184312230535069, 0.3070016490185094, 0.3073266224099095, 0.32301779513880563, 0.13259944337804785, 0.012445808767562813, 0.018160993701224742, 0.023777606535578182, 0.01995990896934981, 0.30057234411238165, 0.1504753453704416, 0.04241691581696764, 0.17732489415841557, 0.23764276417334537, 0.1538653350695718, 0.23513437220721642, 0.027131695684106116, 0.24432188905040006, 0.16102313153188139, 0.015129091192994179, 0.28499238943189253, 0.31465076609422143, 0.31495114785871403, 0.26259693869999584, 0.05184607481990992, 0.14697075252181266, 0.15209888234980198, 0.017457959363374426, 0.14780179198592747, 0.24070246001591597, 0.05732566259396532, 0.016373936445825337, 0.31268800398784646, 0.3247969900814694, 0.05162112251701086, 0.1899606314005057, 0.10966712353039372, 0.18569825722553868, 0.1016473484583685, 0.06774783442500303, 0.044318504663493775, 0.029990208194875117, 0.2527362316110329, 0.32194546546494335, 0.3161064574323023, 0.3116646016205645, 0.026242966025063597, 0.26535319288017983, 0.26038611649418253, 0.20158483202462615, 0.23944737110360326, 0.009287975323440908, 0.18612890214930153, 0.2916910153723405, 0.08245659786060482, 0.06579075101170617, 0.22525178584719333, 0.2410690345915422, 0.027843984361516028, 0.26188089258236685, 0.22817178596463272, 0.12047908980618816, 0.22254489813776765, 0.1913031734819598, 0.1492989727663636, 0.2524151864976005, 0.23181422780114744, 0.24142132627226373, 0.01963623784807611, 0.2154274647091171, 0.2327076011669634, 0.0678241539731567, 0.1438624355212731, 0.12362118454073079, 0.08394334807635025, 0.14646087232602287, 0.1581533629089162, 0.1490088820456035, 0.18232117705846537, 0.010398517818716257, 0.06580892316910818, 0.02885815293709178, 0.2094479353821869, 0.22573785528267207, 0.3235876275609652, 0.1783980908947509, 0.2998421996415113]}