{"minEast": 1000, "minNorth": 100, "maxEast": 1500, "maxNorth": 500, "numRows": 5, "numCols": 6, "data": [0.1271677480287382, 0.7003286614151629, 0.19798772452767488, 0.1410292956840482, 0.3592499572674307, 0.8249295733598274, 0.2923066431272803, 0.2703984666337115, 0.3081333116398335, 0.5941788606447406, 0.5144028252115113, 0.09172118384593386, 0.28632213287122643, 0.5602852163688853, 0.25628071084716764, 0.01689434387801403, 0.04953026391528126, 0.4983052619335848, 0.3034921608253808, 0.3000152188254762, 0.09850159332409325, 0.164148665883724, 0.7094316460427595, 0.9454578436502653, 0.6991079634392992, 0.6934748120054963, 0.8448100181855426, 0.5811921554712238, 0.9072053609053274, 0.6744732582982389]}